,aclist,bclist
0,苹果,null
1,苹果,苹果公司
2,小米,苹果
3,微软,null
4,英特尔,微软
5,苹果,null
6,苹果,苹果公司
7,华为,台积电
8,苹果,英特尔
9,比亚迪,特斯拉
10,null,苹果
11,三星,null
12,null,华为
13,null,百度
14,富力地产,null
15,亚马逊,阿里德
16,耐克,null
17,中陕核工业集团公司,null
18,中陕核工业集团公司,null
19,斗鱼,null
20,null,润敏公司
21,爱奇艺,null
22,苹果,null
23,谷歌,null
24,null,ST天成
25,特斯拉,null
26,樱花庄园公司,null
27,台积电,null
28,瑞幸咖啡,天眼查
29,null,多凤
30,津滨发展,null
31,汇丰,null
32,null,紫梧桐(北京)资产管理有限公司
33,国美,阿里
34,虎牙,null
35,盛必龙,null
36,金凰珠宝,长安信托
37,爱奇艺,null
38,美邦服饰,null
39,瑞幸咖啡,null
40,骐飞,上海恺英
41,null,众安保险
42,亚马逊,null
43,软银,阿里
44,null,合策科技(北京)有限公司
45,康明凯,null
46,瑞幸,瑞幸咖啡
47,null,琴海航空
48,新浪支付,null
49,微软,null
50,菊乐食品,新乳业
51,吉林省投资集团,吉林省投资集团有限公司
52,瑞幸咖啡,瑞幸咖啡
53,GNC,null
54,东方航空,null
55,null,九色鹿
56,null,金都房产集团
57,中超控股,广东鹏锦
58,三星,三星生物制剂
59,众泰汽车,应建仁
60,null,华谊
61,獐子岛,null
62,null,天新交通建设有限公司
63,月峡旅游集团,null
64,null,南京友邦图公司
65,台积电,null
66,紫金矿业,西藏天圆
67,亚马逊,特斯拉
68,老花,爱尔眼科
69,中新控股,null
70,中国移动,中国移动
71,獐子岛,null
72,獐子岛,null
73,null,中国航天科技集团
74,null,可口可乐
75,阿里,null
76,特斯拉,null
77,北京,null
78,null,德玛克
79,舞钢公司,null
80,字节跳动,null
81,獐子岛,null
82,null,江苏赛麟汽车科技有限公司
83,笑果文化,null
84,招商蛇口,null
85,null,斗鱼
86,瑞幸咖啡,null
87,国美,阿里
88,特斯拉,null
89,null,合策科技(北京)有限公司
90,老花,null
91,獐子岛,null
92,瑞幸咖啡,null
93,欧亚平,鸿信行
94,亿邦国际,比特大陆
95,null,佑安医院
96,宁德时代,特斯拉
97,汉莎航空,null
98,null,百度
99,哈药,null
100,null,合策科技(北京)有限公司
101,瑞幸咖啡,null
102,国美系,国美地产
103,阿里,阿里巴巴
104,酷鸟航空,null
105,谷歌,谷歌
106,贵人鸟,null
107,国美,京东
108,美光,美光公司
109,马立恒,null
110,安远控股,null
111,富力地产,null
112,耐克,null
113,天眼查,null
114,null,中来股份
115,耐克,耐克集团
116,null,弗里斯
117,康得新,null
118,亿邦,嘉楠科技
119,江苏汇鸿国际集团股份有限公司,null
120,国美,阿里
121,舞钢公司,null
122,虎牙,null
123,长城影视,长城动漫
124,京东,宿迁领航方圆
125,null,百度
126,null,软银
127,东方金钰,null
128,奇瑞,奇瑞股份
129,万达,万达集团
130,虎牙,null
131,null,嘉悦物产
132,南京信杰恒物业管理有限公司,太平养老保险公
133,三菱,三菱汽车
134,柏联,裕通顺
135,国投泰康信托,null
136,瑞幸咖啡,null
137,null,博克森
138,拉夏贝尔,快时尚
139,瑞幸咖啡,null
140,獐子岛,北斗导航
141,拜腾,一汽
142,才宇健,null
143,null,百度
144,null,川庆公司
145,獐子岛,null
146,GNC,GNC公司
147,null,北京健康宝
148,null,首都罗马
149,哈药集团,中信资
150,獐子岛,獐子岛信息
151,瑞幸咖啡,null
152,广汽本田,null
153,null,特斯拉
154,null,寇图资本
155,晶澳科技,null
156,null,北京新浪支付科技有限公司
157,切萨皮克能源,null
158,獐子岛,null
159,华福证券,安徽盛运环保(集团)股份有限公司
160,戴姆勒,宝马公司
161,null,北汽新能源
162,腾讯,null
163,日月峡大森林旅游集团有限公司,黑龙江日月峡大森林旅游集团有限公司
164,獐子岛,北斗卫星
165,迪士尼,迪士尼公司
166,null,艾士奇
167,北京韩建水利水电工程有限公司,北京韩建集团有限公司
168,御家汇,null
169,浙商基金,蓝鲸保险
170,鸿信行,众安保险
171,国美,国美系
172,一汽,夏利运
173,null,江苏赛麟汽车科技有限
174,软银,null
175,哈药股,null
176,滴滴,null
177,獐子岛,null
178,之江生物,null
179,null,旺材
180,特斯拉,null
181,浙江广厦,天都实业
182,瑞幸咖啡,null
183,null,北京文化
184,瑞幸,瑞幸咖啡
185,斗鱼,虎牙
186,null,达内科
187,美特斯邦威,美邦服饰
188,迈新生,九强生物
189,欧亚平,健康元股份
190,null,星巴克
191,瑞幸咖啡,null
192,吉利汽车,比亚迪
193,华为,null
194,人保财险,null
195,瑞幸咖啡,null
196,可比公司,null
197,三星,三星集团
198,长园集团,沃尔核材
199,汉邦高科,湖南全通
200,秦安股份,null
201,众泰汽车,null
202,微软,三星
203,爱彼迎,null
204,骐飞,null
205,中国移动,中国移动
206,特斯拉,null
207,健安,哈药集团
208,null,维珍航
209,瑞幸咖啡,null
210,爱彼迎,null
211,獐子岛,null
212,通裕,海上风电
213,之江生物,null
214,京投发展,银泰置业
215,人保财险,太保财险
216,小疆,null
217,湘电风能,null
218,航延险,null
219,耐克,耐克集团
220,国美,ST金泰
221,吉林省投资集团有限公司,null
222,快时尚,盖璞集团
223,字节,null
224,苏宁金融,null
225,小米,null
226,华为,null
227,特斯拉,null
228,null,安信信托
229,null,ST天成
230,万达,null
231,瑞幸咖啡,null
232,阿瑞,null
233,特斯拉,null
234,永和股份,null
235,恒隆家,null
236,null,麦田房产
237,华锐风电,null
238,瑞幸咖啡,null
239,安达天,安达系公司
240,鸿信行,null
241,思摩尔,null
242,华为,null
243,戴森,null
244,泰禾集团,厦门泰世
245,null,魅族
246,厦门国际银行“纵容”客户违规担保康得新,康得新
247,獐子岛,null
248,马立恒,null
249,null,瑞幸咖啡
250,钟华,null
251,步步高,重庆百货
252,null,茅台
253,瑞幸咖啡,null
254,null,瑞幸咖啡
255,孚日股份,华荣实业
256,林华医疗,null
257,德勤,null
258,null,ST新亿
259,金凰,null
260,迪士尼,迪士尼公司
261,众泰汽车,中华神车
262,中国恒大,恒大地产
263,null,阿里
264,银隆新能源,金石灏
265,獐子岛,null
266,拜腾汽车,null
267,GNC,null
268,null,中天华信
269,五矿资本,五矿国际信托有限公司
270,汤臣倍健,null
271,null,飞亨建筑公司
272,众泰汽车,null
273,四川信托,null
274,皖通科技,null
275,哈药,null
276,中天引控,null
277,瑞幸咖啡,null
278,宜宾市城市和交通投资集团有限公司,null
279,可口可乐,可口可乐公司
280,null,中弘控股股份有限公司
281,瑞康医药,null
282,null,开曼比特
283,null,陕西延长石油（集团）有限责任公司
284,国美,null
285,獐子岛,北斗导航
286,赛隆药业,null
287,微软,null
288,文峰集团,文峰置业
289,国美,国美电器
290,爱彼迎,null
291,广东榕泰,森华易
292,null,戴姆勒
293,ST德豪,芜湖德豪投资有限公司
294,国美,null
295,小米,null
296,鸿信行,健康元股份
297,国美,国美电器
298,黄鹤楼酒业,null
299,null,切斯基
300,拜耳公,null
301,舞钢公司,null
302,汉莎航空,汉莎航空集团
303,虎牙,斗鱼
304,熊续强,南松医药
305,国美,国美电器
306,瑞幸,瑞幸咖啡
307,梦天家居,null
308,苹果,null
309,特斯拉,null
310,众泰汽车,null
311,国美,国美电器
312,东阿阿胶,null
313,马自达,null
314,康希诺生物,null
315,微软,null
316,北京新浪支付科技有限公司,null
317,null,百洋制药
318,振华物业,null
319,null,老花眼
320,特斯拉,null
321,美邦服饰,天眼查
322,博郡汽,小鹏汽车
323,中文科技,null
324,爱立信,电信
325,吉药控股,吉药控股集团股份有限公司
326,獐子岛,null
327,拜腾汽车,天津一汽华利汽车有限公司
328,迪士尼,迪士尼公司
329,沃尔,格拉斯-斯蒂格尔
330,耐克,耐克
331,null,莱州市方正石材有限公司
332,金一,一恒贞方
333,比特大陆,世纪云芯
334,波音公司,null
335,切萨皮克,null
336,顾地科技,山西盛农
337,雪莱特,广州呼研所医药科技有限公司
338,亚马逊,null
339,博克森,天眼查
340,獐子岛,獐子岛集团股份有限公司
341,五矿信托,五矿资本
342,榕树堂,小仙炖商务公司
343,刷脸智付公司,广东泉英控股集团
344,海吉亚,null
345,广晟资产经营有限公司,广东省广晟资产经营有限公司
346,红豆股份,null
347,富力,富力地产
348,亚马逊,null
349,国美,国美电器
350,ST辅仁,null
351,滴滴,null
352,万盛股份,null
353,武汉金凰,长安信托
354,阿尔法企业,null
355,亚马逊,null
356,拜腾汽车,null
357,null,福莱特
358,国美,null
359,GNC,null
360,特斯,戴姆勒
361,耐克,null
362,欧菲光,null
363,未名医药,未名医药控股
364,维维股份,天山雪乳业
365,金凰珠宝,null
366,乐视,乐视网
367,特斯拉,null
368,长城动漫,北京新娱
369,浪莎针织,浪莎股份
370,瑞幸咖啡,瑞士信贷
371,瑞康医药,null
372,软银,阿里巴巴
373,众泰汽车,null
374,汉莎航,斯波尔
375,劳伦斯·,null
376,学大教育,紫光卓远
377,通嘉禾,如皋积泰
378,null,核工业西南建设集团有限公司
379,亿邦国,嘉楠耘智
380,ST安凯,万福客运
381,万丰奥威,万丰航空工业
382,苏州保利,苏州保利地产
383,中陕核集团,中陕核工业集团公司
384,武汉金凰,民生信
385,null,合策科技(北京)有限公司
386,null,英国石油公司
387,美邦服饰,金逸风控
388,日月峡大森林旅游集团有限公司,黑龙江日月峡大森林旅游集团有限公司
389,苹果,摩根大通
390,谷歌,null
391,null,安徽盛运环保（集团）股份有限公司
392,富控互动,null
393,null,东海旅客铁道公司
394,ST金钰,东方金钰
395,特变电工,江苏高传
396,品渥食品,蒙牛
397,null,江苏赛麟汽车科技有限公司
398,爱立信,null
399,獐子岛,null
400,ST富控,ST尤夫
401,美邦服饰,null
402,富控互动,null
403,育碧,null
404,苹果,null
405,江苏汇鸿国际集团股份有限公司,唐国海
406,东方网力,null
407,宇商金控,null
408,国美,京东
409,ST威龙,东方传奇
410,瑞幸咖啡,null
411,茅台,null
412,金一,null
413,康希诺生物,null
414,海默科技,null
415,阿里,阿里巴巴
416,null,鄂旅投集团
417,微软,null
418,獐子岛,null
419,null,美国航空
420,国药,中国医药集团有限公司
421,富力,null
422,null,健康元股份
423,null,飞彩
424,江苏汇鸿国际集团股份有限公司,江苏汇鸿国际集团有限公司
425,许昆源,null
426,南城香,null
427,null,瑞幸咖啡
428,瑞幸咖啡,null
429,null,獐子岛
430,国药股份,null
431,科迪乳业,null
432,GNC公司,哈药集团
433,宜华生,华达利
434,瑞幸咖啡,null
435,null,中肽生化
436,一汽,一汽轿车
437,中新控股,null
438,克莉丝汀,null
439,null,仁爱教育
440,爱奇艺,优酷
441,四通新材,null
442,亿邦国际,嘉楠科技
443,西安旅游,渭水园
444,拜腾汽车,戴雷
445,新光集团有限公司,新光集团有限公司
446,瑞幸,瑞幸咖啡
447,null,拜腾汽车
448,云南城投,null
449,null,黑龙江日月峡大森林旅游集团有限公司
450,沈超杰,null
451,耐克,null
452,阿里,软银集团
453,梦天家居,null
454,宁德时代,null
455,中银工信通,null
456,东亚装饰,中青建安
457,富誉控股,null
458,null,人人车
459,华文食品,null
460,特斯拉,null
461,瑞特,苏州瑞特
462,null,虎牙
463,国美,国美零售
464,戈皮纳,null
465,聚力,美生元
466,富控互动,null
467,北汽,null
468,特斯拉,null
469,科迪乳业,科迪乳业
470,达内科,达内教育
471,舞钢公司,null
472,欧亚平,健康元股份
473,哈药,null
474,万达,北京
475,壹加,null
476,null,日月峡大森林旅游集团有限公司
477,阿斯顿,&middot马丁
478,汉莎航空,斯波尔
479,丰田,丰田汽车
480,西安饮食,华侨城
481,獐子岛,獐子岛
482,朝阳公司,null
483,中国人民财产保险股份有限公司,人保财
484,国美,国美电器
485,特斯拉,null
486,特斯拉,null
487,杭州高新,null
488,金龙鱼,null
489,美邦服饰,美特斯邦威
490,维维股份,维维股份
491,北京锤子数码科技有限公司,null
492,克格勃,null
493,字节跳动,null
494,辅仁,辅仁药业
495,昌建控股,null
496,瑞幸咖啡,null
497,礼泉永丰纺织品有限责任公司,null
498,獐子岛,null
499,鸿信行,健康元股份
500,比亚迪,null
501,白海泉,null
502,ST步森,安投融(北京)金融信息服务有限公司
503,大润发,菜鸟网络
504,天海防,上海佳豪
505,獐子岛,null
506,富力地产,null
507,null,亚马逊
508,戴姆勒,福特
509,瑞幸咖啡,null
510,广汽,三菱汽车
511,南京信杰恒物业管理有限公司,太平养老保险公
512,亚马逊,亚马逊公司
513,皖通科技,null
514,null,金都房产集团
515,银泰置业,京投置地
516,泰禾集团,null
517,null,迪士尼
518,亿邦,null
519,国美,国美零售
520,康得新,null
521,菜鸟网络,null
522,国美,国美通讯
523,国美,京东
524,谷歌,null
525,瑞幸咖啡,null
526,之江生物,null
527,晨鸣纸业,江西晨鸣纸业有限责任公司
528,欧亚平,健康元股份
529,拜腾汽车,戴雷
530,康明凯,null
531,獐子岛,null
532,null,通用
533,金凰实业,金凰集团
534,群兴玩具,null
535,null,摩根士
536,苹果,华为
537,亚马逊,null
538,哈药集团,null
539,汇鸿国际集团,江苏汇鸿国际集团股份有限公司
540,万达电影,万达电影
541,亿邦国,嘉楠科技
542,美邦服饰,null
543,科迪乳业,null
544,华住,苏州人民路第一
545,华英农业,null
546,双龙,上汽
547,null,中国移动
548,瑞幸咖啡,null
549,美邦服饰,美特斯邦威
550,斗鱼,斗鱼
551,连杰,null
552,港龙地产,null
553,null,唐唯实
554,null,合策科技(北京)有限公司
555,誉衡国际,誉衡药业
556,GNC公司,哈药集团
557,浙江众成,浙江众成实
558,阿里,美团
559,獐子岛,null
560,獐子岛,null
561,null,东吴基金
562,北京京投银泰,北京万科
563,null,摩根士丹利华鑫
564,东风汽车集团有限公司,东风汽车集团有限公司
565,国泰君安香港公司,null
566,中国恒大,null
567,安赛乐米塔尔,null
568,立信会计,null
569,切萨皮克,切萨皮克能源
570,辰颐物语,null
571,国美,国美零售
572,null,合策科技(北京)有限公司
573,国美,拼多多
574,冠城大通,冠城大通股份有限公司
575,GNC,哈药集团
576,泰邦生物集团,双林
577,凯伦股份,null
578,兰州民百,元明控股
579,獐子岛,null
580,上汽大众,null
581,丰田,null
582,澄星股份,江阴澄星实业集团有限公司
583,null,三亚新机场投资建设有限公司
584,null,北海牧场
585,亿邦国际,null
586,众泰汽车,null
587,欧宝,欧宝汽车
588,苹果,百度
589,五矿信托,五矿国际信托有限公司
590,獐子岛,null
591,粤泰股份,广州桦熵
592,亚马逊,视觉中国
593,null,亚马逊
594,兰州民,元明控股
595,金凰珠宝,null
596,null,中原地产
597,黄圣依,巨力索具
598,盛运环保,盛运环保
599,软银,null
600,维维股份,维维股份
601,金榜集团,金榜集团
602,人保财险,null
603,华谊,null
604,特斯拉,null
605,京投银泰,银泰置业
606,康进药业,源和药业
607,雪莱特,广州呼研所医药科技有限公司
608,切萨皮克,劳勒
609,null,多伦股份
610,null,国美
611,千味央厨,郑州思念
612,环能国际,环能国际
613,null,渝农商
614,国投资本,国投资本股份有限公司
615,吉利,吉利德公司
616,null,四川神码富云科技有限公司
617,null,日月峡大森林旅游集团有限公司
618,富控互动,ST富控
619,江苏汇鸿国际集团股份有限公司,null
620,信达国际控股,信达国际控股
621,null,软银
622,上海竞,天眼查
623,康进药业,源和药业
624,ST群兴,null
625,铁牛集团,null
626,天时软件,null
627,蒙古能源,null
628,滴滴,货拉拉
629,莲和医疗,莲和医疗
630,贝因美,null
631,GNC,null
632,null,人保财险
633,拜腾汽车,null
634,科迪乳业,null
635,众泰汽车,null
636,京东集团,null
637,滴滴,null
638,力帆汽车,吉利
639,德才装饰,null
640,国投泰康信,美都能源
641,莱士,科瑞天诚
642,国美,京东
643,null,中国生物
644,null,ST富控
645,国美,null
646,null,谷歌
647,携程,同程
648,颜华,null
649,山东凤祥,null
650,獐子岛,北斗导航
651,瑞幸咖啡,null
652,瑞安航空,汉莎航空公司
653,阿里,阿里巴巴
654,云南城投,银泰
655,国美,新浪科技
656,科迪速,科迪集团
657,百联股份,杭州解百
658,月峡旅游集团,null
659,null,苹果
660,null,北京同牛配送公司
661,瑞幸,瑞幸咖啡
662,金汇教育,null
663,亚马逊,特斯拉
664,神雾节能,神雾节能股份有限公司
665,广汽,广汽新能源
666,康得新,中信建投
667,null,融创
668,国信香港,null
669,开元股份,null
670,东风,起亚汽车
671,爱奇艺,null
672,众泰,金马股份
673,民商创科,null
674,亚马逊,null
675,四川信托,中铁八局
676,国泰君安,null
677,南华期货,null
678,国美,京东
679,魅族,魅族
680,诺基亚,null
681,国际,迪臣发展国际
682,哈药股份,GNC
683,獐子岛,null
684,科迪集团,科迪速
685,首开股份,null
686,苏州国瑞地产有限公司,国瑞置业
687,库尼亚,null
688,紫金矿业,西藏天圆
689,金科智慧,null
690,null,博克森
691,滴滴,null
692,瑞达期货,瑞达期货股份有限公
693,誉衡药业,誉衡药业股份
694,中国科技产业集团,null
695,富力,富力金港
696,獐子岛,null
697,龙韵股份,null
698,null,埃克森美孚
699,苹果,苹果公司
700,力帆汽车,吉利控股
701,长城,null
702,巴基斯坦国际航空公司,null
703,null,广州蒙娜丽莎卫浴股份有限公司
704,百年人寿,人寿保险
705,富力地产,富力公司
706,科迪集团,科迪速
707,科迪集团,null
708,特斯拉,沃西基
709,内斗,null
710,拜腾汽车,宝能汽车
711,联泰,远辰物业
712,开联通支付服务有限公司,null
713,国美,null
714,null,闽侯县民生医药有限公司
715,ST海华,千石
716,哈药集团,健安喜公司
717,鑫宝肉业,鑫宝肉业有限责任公司
718,皖仪科技,索通发展公司
719,广州万溪,null
720,null,金凰
721,都邦财险,null
722,亿邦国际,null
723,中国支付通,开联通
724,安达系,安达天
725,爱彼迎,null
726,阿里巴巴,null
727,null,三亚新机场临空产业园空港区建设发展有限公司
728,步步高集团,宝川置业
729,大思诺,null
730,江海证券,哈投股份
731,null,巴黎机场集团
732,途牛,null
733,法航荷航集团,null
734,安达系,君正集团
735,芭迪贝伊,null
736,圣杯投,金锋
737,圣杯投资,上海恺英
738,獐子岛,null
739,null,ST天成
740,海德曼,null
741,众泰汽车,华夏能源
742,晨鸣纸业,null
743,国美,国美电器
744,null,湖南清泉山养老服务有限公司
745,博天环境,青岛融控
746,广宇发展,null
747,虎牙,null
748,瑞幸咖啡,null
749,null,江森自控
750,null,重庆渝富控股集团
751,null,华为
752,阿瑞,null
753,延长石油,null
754,埃克森,null
755,亿邦,嘉楠科技
756,特斯拉,null
757,智航新能源,ST尤夫
758,富力,富力地产
759,null,切萨皮克公司
760,马立恒,null
761,绿叶制药,null
762,哈药,哈药集团
763,谷歌,null
764,兔宝宝,罗华富
765,国美,京东
766,null,视觉中国
767,众泰汽车,永康众泰
768,null,翼长航程
769,耐克,null
770,null,南通嘉禾科技投资开发有限公司
771,国美,爱丽思生活用品(
772,江苏徽商保险,null
773,瑞幸,瑞幸咖啡
774,ST椰岛,null
775,苹果公司,null
776,内田诚,日产汽车
777,中加基金,中加心
778,null,银河集团
779,瑞幸咖啡,瑞幸咖啡
780,国投资本,null
781,龙津药业,云南三七科技有限公司
782,獐子岛,null
783,国泰君安,null
784,仁恒置,克而瑞
785,皖通科技,null
786,斗鱼,斗鱼
787,null,万达物业
788,梦天家居,null
789,敏芯股份,MEMS麦克风
790,海航,海越科技
791,骐飞,null
792,null,淡水河谷公司
793,美邦服饰,null
794,苹果,null
795,银鸽投资,null
796,三星,null
797,维尔,null
798,未名医药,山东未名生物医药股份有限公司
799,蚩尤康旅,干润
800,null,三星
801,宏力,null
802,null,中国人保
803,獐子岛,null
804,金锋,骐飞
805,爱彼迎,爱彼迎中国公司
806,方大股份,null
807,骐飞,海通
808,獐子岛,獐子岛
809,三菱,广汽三菱
810,软银,null
811,null,哈药
812,null,合策科技(北京)有限公司
813,优酷,null
814,美邦服饰,null
815,国联水产,null
816,null,乌江能源
817,null,五矿信托
818,null,谷歌
819,欢瑞世纪,null
820,null,达拉纳
821,null,航天科技集团
822,德玛克,null
823,苹果,null
824,海航,天津天保控股有限公司
825,三四线,null
826,滴滴,null
827,null,立德
828,null,谷歌
829,众泰汽车,铁牛集团
830,君实生物,修美乐
831,天士营销,天士力生物
832,天士营销,天士力生物
833,国美系,null
834,亚马逊,null
835,南极电,null
836,美团,美团点评
837,null,合策科技(北京)有限公司
838,暴风集团,锌刻度
839,康得新,康得集团
840,null,小鹏
841,null,腾讯
842,嘉应制药,嘉应制药领导
843,梦天家居,梦天木门
844,null,西屋公司
845,康恩贝,浙江康恩贝制药股份有限公司
846,瑞幸咖啡,null
847,中国人民财产保险股份有限公司,人保财险
848,骐飞,上海骐飞
849,瑞幸咖啡,null
850,瑞康医药,null
851,阿宏,null
852,通用,通用汽车
853,诺基亚,null
854,银泰置业,世龙实业
855,瑞幸咖啡,null
856,null,坚瑞沃能
857,null,威尔巴格
858,长城汽车,null
859,银隆新能源,null
860,獐子岛,null
861,獐子岛,中科宇
862,拉夏贝尔,null
863,新浪支付,null
864,天眼查,黄芝
865,亚马逊,特斯拉
866,null,金吉列
867,海伦堡,null
868,宝洁,宝洁
869,海默科技,null
870,null,戴姆勒
871,国美,拼多多
872,獐子岛,长海
873,国美,阿里
874,众泰汽车,众泰汽车公司
875,建业实业,null
876,网易,null
877,国投资本,null
878,獐子岛,null
879,凯伦股份,null
880,新发地,null
881,特斯拉,null
882,瑞幸咖啡,null
883,null,台联电
884,獐子岛,null
885,汇能集团,汇能集团
886,众泰汽车,金马股份
887,软银,null
888,null,中银富登
889,国美,国美通讯
890,天安财险,天安财产保险股份有限公司
891,null,紫金财产保险股份有限公司
892,灿星文化,null
893,滴滴,null
894,泽生科技,null
895,红黄蓝,null
896,海印股份,海印股份
897,ST步森,null
898,茂盛控股,茂盛控股
899,特斯拉,null
900,null,美邦服饰
901,ST威龙,龙口市威龙酒类有限公司
902,信而富,null
903,中南建设,null
904,紫金财险,紫金财产保险股份有限公司
905,雅居乐集团,null
906,正荣服,正荣集团
907,獐子岛,null
908,北京天健,山水水泥
909,国美,国美零售
910,汉王科技,汉王科技
911,三菱汽车,广汽三菱
912,雷海潮,null
913,长城动漫,长动
914,中国动力控股,null
915,任天堂,null
916,国美,国美通讯
917,null,萍乡市
918,智明星通,null
919,大众,阿波罗
920,康得新,ST康
921,思考投资,null
922,阿里,null
923,国美,国美电器
924,中兴通讯,中兴
925,null,美航集团
926,拼多多,阿里
927,中环股份,中环股份
928,江海证券,哈投股份
929,null,科尔森
930,力帆股份,嘉利
931,特斯拉,空特斯拉
932,null,融创
933,暴风集团,乐视网
934,null,赛麟汽车上海分公司
935,涪陵榨菜,惠通
936,众泰汽车,null
937,辅仁药业,null
938,众泰汽车,铁牛集团
939,汇鸿集团,null
940,拉夏,杰克沃克
941,京东数科,京东数字科技控股股份有限公司
942,昊天发展集团,昊天发展集团
943,仁泽地产,仁泽公司
944,null,戈皮纳
945,迪特尔,null
946,小米,null
947,谷歌,null
948,戴姆勒,梅赛德斯奔驰
949,京东数科,null
950,东方金钰,null
951,獐子岛,null
952,景泰富集团,null
953,獐子岛,null
954,獐子岛,null
955,正荣地产,null
956,null,国美
957,默克尔,null
958,null,中核集团
959,众泰汽车,金马股份
960,獐子岛,null
961,联通,广西联通
962,null,健康元股份
963,华谊嘉信,华谊嘉信实控
964,国美,阿里
965,搜狗,null
966,雅居乐集团,雅居乐集团
967,酷鸟航空,皇雀航空
968,捷豹路虎,长城
969,青海春天,三普药业
970,獐子岛,健康元股份
971,北京韩建水利水电工程有限公司,北京韩建集团有限公司
972,天海防务,null
973,null,北京健康宝
974,著杰控股,睿嘉
975,信达国际控股,null
976,广信农,合策科技(北京)有限公司
977,江西国光,null
978,瑞幸咖啡,邵孝恒
979,ST步森,安投融（北京）金融信息服务有限公司
980,null,晨鸣纸业
981,永泰生物,null
982,null,特斯拉
983,切萨皮克,null
984,微软,微软
985,南昌宝泽,null
986,永和股份,童建国
987,哈药股份,哈药集团
988,null,小鹏
989,笑果文化,笑果文化公司
990,三鼎控股,null
991,骆峰网络,null
992,null,兆新股份
993,耐克,null
994,迈新生物,德福二期
995,中国财险,中国财险
996,格兰仕,null
997,苹果,null
998,微软,null
999,杉杉股份,null
1000,永泰生物,null
1001,null,西安秦华天然气公司
1002,极米科技,null
1003,复星国际,null
1004,拜腾汽车,null
1005,中石化,联合石化
1006,null,凯迪拉克
1007,亿邦国际,null
1008,null,四川信托
1009,圣湘,null
1010,宜宾环球集团有限公司,宜宾五粮液集团有限公司
1011,苹果,null
1012,国美,国美控股
1013,安达天平,安达系公司
1014,阿里,亚马逊
1015,蒙古能源,中金公司
1016,上海激创,null
1017,武汉金凰,金凰实业
1018,null,海伦堡
1019,null,菲亚特克莱斯勒公司
1020,金控,趣道资管
1021,獐子岛,null
1022,切萨皮克,null
1023,博郡汽车,null
1024,null,腾讯
1025,null,中超公司
1026,null,金科股份
1027,松龄护老集团,松龄护老集团
1028,苹果公司,null
1029,null,深圳堂堂
1030,华夏,信财互联网金融信息服务（上海）有限公司
1031,null,博克森
1032,天际股份,新泰材料
1033,汉国置业,汉国置业有限公司
1034,永勤集团,null
1035,拜腾,null
1036,浑水公司,null
1037,中南建设,中南建设
1038,小米,null
1039,恺英网络,骐飞
1040,英皇国际,null
1041,切萨皮克,null
1042,信达,粤海控股
1043,瑞幸咖啡,天眼查
1044,江苏新光集团有限公司,新光集团有限公司
1045,明阳智能,null
1046,绿城服,null
1047,ST飞马,安信证券
1048,null,新创建集团
1049,汇丰,null
1050,null,汇达资产
1051,null,ST地矿
1052,国美,null
1053,国美电器,苏宁
1054,null,迈克生物
1055,华域汽车,上汽集团
1056,万盛股份,大伟助剂
1057,国美,阿里
1058,新亚强,null
1059,索尼,null
1060,小米,null
1061,中邮速递,null
1062,獐子岛,獐子岛造
1063,博克森,null
1064,汽车之家,易车
1065,一汽丰田,null
1066,中保研,广汽本田
1067,康希诺,null
1068,广州富力地产股份有限公司,富力公司
1069,恒生网络,骆峰网络
1070,瑞幸咖啡,瑞幸咖啡盘
1071,小米,null
1072,哈药,null
1073,特斯拉,null
1074,null,海鑫集团
1075,微软,null
1076,菜鸟,阿里
1077,杉杉股份,null
1078,null,獐子岛
1079,华建集团,null
1080,中兴新,null
1081,阿尔卡,null
1082,null,融创
1083,浙商基金,null
1084,null,高子
1085,恒生网络,null
1086,中交地产,绿城中国
1087,null,德国支付集团
1088,瑞幸咖啡,null
1089,软银,null
1090,华为,null
1091,三圣股份,三圣股份
1092,哈药股份,庞大汽贸集团股份有限公司
1093,国美电器,京华自动化
1094,哈药,GNC公司
1095,null,通内斯
1096,汉莎航空,null
1097,黄鹤楼酒业,null
1098,巨丰,null
1099,特斯拉,null
1100,通用,通用汽车
1101,字节跳动,null
1102,null,古拉德
1103,null,东海旅客铁道公司
1104,国美,国美通讯
1105,蓝光发展,拿地
1106,中电华大科技,null
1107,叶氏化工集团,叶氏化工集团
1108,腾讯,爱奇艺
1109,耐克,耐克集团
1110,骐飞,骐飞投资
1111,小米,null
1112,獐子岛,null
1113,null,ST天成
1114,川信,null
1115,万里红,东方中科
1116,null,唐汉博
1117,獐子岛,null
1118,时代光影,时代光影
1119,铂亚信息,null
1120,未名医药,未名天源
1121,微软,微软公司
1122,杭州小巴保险,杭州小巴保险代理有限公司
1123,哈药,通用
1124,广东榕泰,广东国华
1125,null,道达尔
1126,通用汽车,null
1127,红星美羚,null
1128,同仁堂健康药业,北京同仁堂健康药业股份有限公司
1129,null,英为
1130,null,甘李药业
1131,力帆股份,力帆股份
1132,京东,凯撒旅业
1133,奇安信,null
1134,null,明阳能源公司
1135,null,新西兰航空公司
1136,巴基斯坦国际航空公司,null
1137,null,软银
1138,汇鸿集团,汇鸿国际集团
1139,獐子岛,null
1140,川宁生物,辽宁成大
1141,罗平锌,null
1142,金刻羽,null
1143,哈药,null
1144,苹果,华为
1145,海隆控股,null
1146,null,三亚新机场投资建设有限公司
1147,阿斯顿,null
1148,瑞幸咖啡,null
1149,雷诺,德梅奥
1150,中国电建,吸收合并电建地产
1151,皖通科技,null
1152,null,雪佛龙
1153,北汽福田,苏巴什
1154,锤子科技,锤子数码科技
1155,亿邦,华铁应急
1156,蛋壳公寓,null
1157,包头市,null
1158,三星,三星集团
1159,英特尔,null
1160,炬申物流,天山铝业
1161,null,百事食品
1162,null,百度
1163,null,哈药集团
1164,昆仑信,东方亿圣
1165,金螳螂,季建业
1166,软银,null
1167,京投发展,世龙实业
1168,苹果,null
1169,浦江中国,null
1170,许冠杰,null
1171,null,北京
1172,中兴通讯,null
1173,null,安居客
1174,谷歌,null
1175,切萨皮克,切萨皮克公司
1176,中兴新公司,中兴新合
1177,索尼,null
1178,戴姆勒,梅赛德斯
1179,哈药股份,null
1180,亿邦国际,比特大陆
1181,欧亚平,鸿信行
1182,獐子岛,北斗导航
1183,国美,京东
1184,贝莱德,null
1185,瑞幸咖啡,null
1186,null,乐视网
1187,泽生科技,null
1188,福汇,null
1189,恺英网络,骐飞
1190,瑞幸咖啡,null
1191,微软,null
1192,null,哥伦比亚广播公司
1193,null,智飞生物
1194,三星集团,三星电子
1195,獐子岛,null
1196,null,博奥
1197,国美,京东
1198,通威股份,null
1199,鹰君集团,汇丰
1200,null,太太
1201,电建地产,中国电建
1202,null,百事可乐
1203,null,恒泰期货
1204,吉林森工,null
1205,秦安股份,重庆秦安机电股份有限公司
1206,null,长安
1207,中海地产,中海地产
1208,蒙古能源,null
1209,null,健康元股份
1210,吉利,上汽
1211,菊乐食品,伊利
1212,拜腾汽车,null
1213,特斯拉,null
1214,中兴通讯,null
1215,晟宇物业,null
1216,哈药股份,健安喜公司
1217,金刻羽,null
1218,百信国际,null
1219,苹果,null
1220,环亚国际实业,环亚国际实业
1221,null,昆明锅炉有限责任公司
1222,瑞幸咖啡,null
1223,汉莎航空,null
1224,万霖,null
1225,荣华实业,null
1226,獐子岛,null
1227,中兴新公司,null
1228,苹果,null
1229,才宇健,null
1230,康佰馨,康佰馨
1231,巴基斯坦国际航空公司,null
1232,通用汽车,null
1233,null,微软
1234,果多美,null
1235,中国唐商,null
1236,null,广州通通圆益科技开发有限公司
1237,天皓公司,null
1238,拜腾,博郡汽车
1239,null,人保财险
1240,众泰汽车,铁牛集团
1241,特斯拉,空特斯拉
1242,万华化学(烟台)销售有限公司,烟台万华新材料科技有限公司
1243,null,巴基斯坦国际航空公司
1244,哈药,null
1245,三星,三星电子
1246,海正药业,恒瑞医药
1247,汉莎航空,汉莎航空公司
1248,国信香港,null
1249,富士康,null
1250,皖通科技,null
1251,永昌信,null
1252,亿邦国,嘉楠科技
1253,赛文技术,null
1254,滴滴,null
1255,null,恒大
1256,康佰馨,康佰馨大药房
1257,特斯拉,null
1258,德甲德乙,null
1259,ST中科,null
1260,晨鸣纸业,晨鸣纸业
1261,亚振家居,亚振家居
1262,ST健威泽,null
1263,null,谷歌
1264,null,辅仁
1265,明博教育,null
1266,贵州百灵,null
1267,国美,国美电器
1268,瑞幸咖啡,null
1269,null,鸿信行有限公司
1270,哈药,null
1271,卓胜微,天津
1272,枫叶教育,null
1273,null,合策科技(北京)有限公司
1274,爱特爱教育,青岛爱特爱教育科技有限公司
1275,国美,国美电器
1276,国美,国美电器
1277,著杰控股,欢瑞世纪
1278,华燕房盟,null
1279,世纪金花,世纪金花
1280,汤臣倍健,GNC
1281,null,盛运环保
1282,特斯拉,null
1283,ST德豪,null
1284,华厦置业,华厦置业
1285,舜大能源,null
1286,谷歌,null
1287,宝武系,中国宝武钢铁集团有限公司
1288,西王特钢,null
1289,美特斯邦威,美邦服饰公司
1290,众泰汽车,null
1291,国美,阿里
1292,索沃,null
1293,獐子岛,null
1294,苹果,谷歌
1295,亚洲资源,null
1296,獐子岛,null
1297,金针菇,诸焕诚
1298,null,苹果
1299,软银,阿里
1300,美邦服饰,null
1301,长城,博创城
1302,獐子岛,獐子岛人
1303,亚马逊,特斯拉
1304,海亮股份,海亮股份
1305,一汽,一汽轿车
1306,null,耐克
1307,日月峡大森林旅游集团有限公司,null
1308,瑞幸,瑞幸咖啡
1309,吉林省投资集团有限公司,吉林省投资集团有限公司
1310,GNC,null
1311,宜华健康,null
1312,国美,国美零售
1313,兰山环保局,null
1314,秦安股份,null
1315,追日电气,null
1316,爱尔眼科,老花眼
1317,微软,null
1318,果多美,null
1319,软银,null
1320,华威科,null
1321,首开股份,首开股份
1322,獐子岛,獐子岛
1323,null,鸿信行
1324,苹果,null
1325,魅族,null
1326,null,百安海滩
1327,和佳医疗,null
1328,江苏汇鸿国际集团,江苏汇鸿国际集团股份有限公司
1329,众泰汽车,null
1330,滴滴,null
1331,元明控股,null
1332,瑞幸咖啡,null
1333,null,得邦塑料
1334,阿里,null
1335,中国太保,null
1336,字节跳动,字节跳动
1337,德勤,null
1338,普思资本,虎扑
1339,北京现代,null
1340,华锐风电,null
1341,旅悦集团,null
1342,美特斯邦威,美邦服饰
1343,null,五矿国际信托有限公司
1344,猿辅导,新东方
1345,獐子岛,獐子岛科研
1346,奥林巴斯,尼康
1347,苹果,null
1348,创建集团,null
1349,百事食品,null
1350,null,合策科技(北京)有限公司
1351,众泰汽车,金浙勇
1352,华润置地,华润集团
1353,亚马逊,null
1354,福莱特玻璃,福莱特玻璃
1355,奥迪,大搜车
1356,卡联科技,苹果
1357,null,惠数通
1358,电信,深圳能
1359,爱彼迎,切斯基
1360,恺英网络,骐飞投资
1361,美邦服饰,美特斯邦威
1362,null,回力拖鞋
1363,null,摩尔多瓦
1364,包美涓,null
1365,东方金钰,中睿泰信
1366,领地集团,null
1367,银泰置业,京投发展股份有限公司
1368,华信地产,null
1369,国美,null
1370,null,梅拉斯
1371,戴尔,戴尔公司
1372,美特斯邦威,上海美特斯邦威服饰股份有限公司
1373,null,蔚来
1374,坛金矿业,null
1375,珠江啤酒,null
1376,哈药,哈药股份
1377,亚尔斯,null
1378,力帆股份,null
1379,滴滴,null
1380,众泰汽车,null
1381,null,华为
1382,宜华生活,华达利
1383,null,麒麟公司
1384,null,熊德超
1385,航宇科技,白山科技
1386,ST鹏起,null
1387,null,阿斯利康
1388,瑞幸咖啡,null
1389,山东信和,null
1390,北汽集团,北京汽车集团有限公司
1391,保丽信集团,null
1392,海利生物,null
1393,null,高子
1394,国美,阿里
1395,宝新能源,首善财富
1396,千水环境,null
1397,中化香港,中国金茂
1398,天士营销,null
1399,康得新,null
1400,null,切斯基
1401,华纳,null
1402,null,贝尔链
1403,福昕软件,海德曼
1404,null,拜腾汽车
1405,银隆新能源,株洲中车
1406,通捷水务,null
1407,红星美羚,null
1408,亿邦,null
1409,戈皮纳,null
1410,山东理工,null
1411,拜腾,null
1412,null,软银
1413,拜腾汽车,天眼查
1414,索尼,null
1415,三菱汽车,广汽三菱
1416,途牛,凯撒集团
1417,西商钢贸,中崇投资集团有限公司
1418,上海莱士,莱士中国
1419,广汽本田,中保研汽车技术研究院有限公司
1420,中国铜业,null
1421,null,新光集团有限公司
1422,null,北汽福田
1423,亚马逊,特斯拉
1424,欧亚平,鸿信行
1425,瑞幸咖啡,null
1426,同策房产,null
1427,奥林巴斯,索尼
1428,荣丰联合控股,null
1429,国美,国美电器
1430,高斯,null
1431,null,中国华能集团有限公司
1432,通用汽车,null
1433,null,华为公司
1434,国美,京东
1435,null,斯坦航空
1436,獐子岛,null
1437,拜腾,拜腾汽车
1438,特斯拉,null
1439,极米科技,null
1440,金信诺,null
1441,国药集团,中国生物
1442,银泰置业,北京万科
1443,T辉丰,null
1444,京投发展,null
1445,广汽本田,null
1446,null,海固中联
1447,null,米拉波
1448,康佰,康佰馨公
1449,阿里,阿里巴巴
1450,null,陕西延长石油（集团）有限责任公司
1451,苹果,null
1452,四环生物,德源纺织
1453,澳碧洁,澳洁科技
1454,中光防雷,上海广信
1455,中兴通讯,中芯国际
1456,ST辅仁,null
1457,中兴新,中兴新公司
1458,鸿信行,健康元股份
1459,爱世纪集团,爱世纪集团
1460,舞钢公司,null
1461,鸿信行,健康元股份
1462,软银,null
1463,国美,国美系
1464,圣湘生物,null
1465,瑞幸咖啡,天眼查
1466,青岛优创企业管理咨询有限公司,null
1467,苹果,null
1468,华为,null
1469,美康生物,null
1470,众泰汽车,铁牛集团
1471,中金集团,中国国际金融股份有限公司
1472,蚂蚁金服,浙江蚂蚁小微金融服务集团股份有限公司
1473,天士营销,丹参滴丸
1474,苹果,英特尔
1475,威创股份,null
1476,特斯拉,丰田汽车
1477,中亚股份,中物聚能
1478,国美,null
1479,腾讯,爱奇艺
1480,卑诗民,null
1481,null,永升生活
1482,ST联络,null
1483,山东地炼,null
1484,众泰汽车,君马汽车
1485,特斯拉,亚马逊
1486,null,四川怡海房地产公司
1487,中港照,中港照相
1488,null,盛世物业
1489,哈药股份,null
1490,深圳三诺集团,null
1491,天安财产保险,天安财产保险股份有限公司
1492,美邦服饰,美特斯邦威
1493,榕树堂,小仙炖商务公司
1494,虎牙,null
1495,神州优车,天眼查
1496,琴海航空,null
1497,新浪支付,null
1498,四川信托,中铁八局
1499,null,西吉县
1500,国美,国美电器
1501,鲁南制药,兰山环保局
1502,英孚,英孚教育
1503,斯派力,null
1504,健友股份,健友股份
1505,特斯拉,null
1506,华为,华为公司
1507,大众,大众集团
1508,爱尔眼科,爱尔眼科
1509,海南荷采公司,海南荷
1510,null,克比亚
1511,英国Tulip公司,null
1512,海斯坦普,null
1513,皖通科技,null
1514,美特斯邦威,美邦服饰公司
1515,三菱重工,null
1516,null,国药集团
1517,null,美国泰森公司
1518,瑞幸咖啡,华利安
1519,皖通科技,皖通科技
1520,拜腾,null
1521,獐子岛,北斗卫星
1522,圣杯投,null
1523,百安,北京
1524,科兴,null
1525,哈药,通用
1526,null,中肽生化
1527,苹果,null
1528,null,斯宾塞
1529,拜腾,拜腾汽车
1530,金科股份,金科地产
1531,null,富贵险
1532,西安玺悦医疗美容服务有限公司,null
1533,雅居乐集团,景业
1534,哔哩哔哩,null
1535,null,唐山
1536,远景能源,明阳智能
1537,瑞幸咖啡,null
1538,中科建设,null
1539,众泰,众泰汽车
1540,泰禾集团,null
1541,北方矿业,null
1542,ST大洲,null
1543,中国石化,中国金山联合贸易有限公司
1544,天正公,三禾木业
1545,国美,国美通讯
1546,国民软件,null
1547,瑞幸咖啡,邵孝恒
1548,瑞幸咖啡,null
1549,苑东生物,null
1550,周旭辉,null
1551,亿邦,嘉楠科技
1552,null,南航
1553,天眼查,null
1554,瑞幸咖啡,null
1555,哈药,null
1556,微软,null
1557,金运激光,null
1558,苹果公司,null
1559,华夏信财,华夏信财互联网金融信息服务（上海）有限公司
1560,比亚迪,null
1561,瑞幸咖啡,小坊
1562,路通路桥,null
1563,null,新浪支付
1564,瑞幸咖啡,null
1565,步森实控,睿鸷
1566,龙冉股份,null
1567,null,苹果公司
1568,欣龙,嘉兴天堂
1569,沃尔,null
1570,可口可乐,可口可乐
1571,融众金融,安华理达
1572,江苏汇鸿国际集团股份有限公司,null
1573,园城黄金,null
1574,德联集团,null
1575,博郡汽车,null
1576,null,合策科技(北京)有限公司
1577,未名医药,北京科兴生物制品有限公司
1578,智飞生物,null
1579,哈药,null
1580,中邮速递,null
1581,拜腾汽车,null
1582,獐子岛,null
1583,巴基斯坦国际航空公司,null
1584,null,成方汇达
1585,人人乐,null
1586,瑞幸咖啡,苹果公司
1587,新安传媒,null
1588,獐子岛,null
1589,通葡股份,份有限公司
1590,三星,null
1591,临沂城资新鸥鹏房地产开发有限公司,山东新鸥鹏文旅产业发展集团有限公司
1592,国信香港,null
1593,支付宝（杭州）信息技术有限公司,null
1594,哈药股份,null
1595,银泰置业,天眼查
1596,null,苹果
1597,长城汽车,null
1598,川纤集团,null
1599,仁和药业,null
1600,小仙炖,榕树堂
1601,汉莎航空,汉莎航空集团
1602,爱奇艺,阿里
1603,乐华娱乐,null
1604,劳斯莱斯,大众
1605,深圳新世界,新世界集团
1606,江苏赛麟汽车科技有限公司,null
1607,众泰汽车,金浙勇
1608,特斯拉,null
1609,荣丰联合控股,荣丰联合
1610,中盈集团,null
1611,乐华娱,null
1612,null,迪士尼
1613,国美,苏宁
1614,万科,北京京投银泰置业
1615,通尼斯,通尼斯集团
1616,华谊嘉信,null
1617,众品,河南众品
1618,null,拜腾
1619,null,人保财险
1620,null,江苏赛麟汽车科技有限公司
1621,null,摩根大通
1622,有色集团,临沂商城电子商务科技有限公司
1623,雨墨科技,狮之吼
1624,null,童帝
1625,中国人保,中国人保
1626,null,京东
1627,森太,森太电器
1628,莱尔科技,null
1629,新世界,null
1630,null,獐子岛
1631,博郡汽车,一汽夏利
1632,国美,null
1633,云南中药,null
1634,德祥地产,null
1635,奥林巴斯,null
1636,兴华,兴华港口
1637,威达宇电,null
1638,未名医药,科兴生物
1639,三菱汽车,广汽三菱
1640,普拉托,null
1641,瑞幸咖啡,null
1642,信立泰,null
1643,null,人保财险
1644,小米,null
1645,特斯拉,null
1646,品渥,上海魁春实业有限公司
1647,滴滴,null
1648,null,百事食品
1649,国美,阿里
1650,富力,null
1651,哈药股份,null
1652,国美,国美电器
1653,獐子岛,null
1654,格力电器,null
1655,天眼查,天眼查产
1656,獐子岛,北斗导航
1657,北京锦圣,阿里
1658,ST远程,钱眼
1659,null,三星集团
1660,民生科技,江西天戌药业有限公司
1661,北斗星通,中国卫星
1662,软银,null
1663,乙德投资控股,null
1664,滴滴,滴滴出行
1665,耐克,null
1666,特斯拉,null
1667,北京现代,null
1668,null,腾讯控股
1669,獐子岛,中科宇图
1670,华软科技,润港化工
1671,维维股份,新疆维维天山雪乳业有限公司
1672,苹果,微软
1673,null,好事达保险
1674,众泰汽车,众泰汽车
1675,汇鸿集团,null
1676,百信国际,百信国际
1677,双环传动,null
1678,沃尔沃,null
1679,特斯拉,null
1680,null,戴姆勒
1681,瑞幸咖啡,null
1682,华讯,null
1683,null,宜春市矿业公司
1684,福昕软件,戴尔
1685,獐子岛,健康元股份
1686,null,安居客
1687,智飞生物,智飞龙科马
1688,亿邦,嘉楠科技
1689,喜马拉雅,null
1690,虎牙,斗鱼
1691,null,惠誉
1692,特斯拉,null
1693,金山云,金山云
1694,瑞幸咖啡,null
1695,null,空港区建设公司
1696,沃尔,摩根大通
1697,海工装,null
1698,null,瑞幸咖啡
1699,獐子岛,null
1700,港龙地产,飞笛科技
1701,大众,null
1702,欢瑞联合,著杰控股
1703,苹果,null
1704,源渤科技,null
1705,京东,null
1706,舞钢公司,平顶山分行
1707,null,厦门金嘉亿商贸有限公司
1708,null,瑞幸咖啡
1709,null,谷歌
1710,海普润,碧水源
1711,人保财,中国人民财产保险股份有限公司
1712,华硒时代,湖南华硒时代生物科技有限公司
1713,国美,null
1714,迪士尼,华特迪士尼公司
1715,耐克,null
1716,森工集团,吉林森工
1717,元盛光电,null
1718,北京万科,银泰置业
1719,珑远投资集团,东莞市珑远翠珑湾实业投资有限公司
1720,国美,国美零售
1721,京投发展,北京万科
1722,哈药股份,健安喜公司
1723,银隆新能源,null
1724,三星,null
1725,国家管网公司,中石油天然气销售分公司
1726,永辉超市,永辉超市股份有限公司
1727,巨鹏股份,null
1728,美邦服饰,null
1729,null,德国肖特科技集团
1730,阿尔法企业,null
1731,大北农,null
1732,苹果,null
1733,华恒生物,null
1734,滴滴,null
1735,null,中宁公安
1736,亚尔斯,null
1737,麦佳,null
1738,汇鸿集团,null
1739,瑞幸咖啡,null
1740,晶瑞股份,null
1741,null,友信普惠
1742,迪士尼,null
1743,中物聚,null
1744,瑞幸咖啡,null
1745,爱彼迎,null
1746,null,特斯拉
1747,null,百度
1748,null,北京同牛配
1749,拜腾汽车,一汽华利
1750,永和智控,null
1751,沃尔玛,null
1752,同策咨询,null
1753,苹果,苹果公司
1754,永华光电,null
1755,通化东宝,东宝集团
1756,美邦服饰,林华康
1757,null,城城不动产管理有限公司
1758,天成自控,null
1759,跃势生物,null
1760,null,赫柏绿源公司
1761,瑞幸咖啡,null
1762,保集健康,null
1763,阿里,null
1764,拜腾,拜腾汽车
1765,阿里,null
1766,远景能源,null
1767,中银工信通,null
1768,开尔新材控股,开尔新材
1769,秘鲁矿业,中国铜业
1770,特斯拉,null
1771,钧正公司,null
1772,null,智飞生物
1773,国美通讯,国美电器
1774,格力,而格
1775,广汽,null
1776,广汽三菱,null
1777,宝来集团,锦州腾
1778,红黄蓝,红黄蓝教育
1779,正丹股份,null
1780,拉芳家化,null
1781,华谊嘉信,迪思传媒
1782,null,比高集团
1783,ST雪莱,雪莱特
1784,健帆生物,null
1785,泰国酷鸟航空,酷鸟航空
1786,力帆汽车,力帆股份
1787,恒大,融创
1788,null,洛克希德·马丁公司
1789,长城动漫,北京新娱
1790,国美,null
1791,安达天平,君正化工
1792,null,五河县金源混凝土有限公司
1793,特斯拉,null
1794,null,拜腾汽车
1795,国美,国美
1796,金永明,null
1797,英特尔公司,null
1798,广汽新能源,古惠南
1799,瑞幸咖啡,null
1800,五粮液,五粮液集团
1801,null,青海省投资集团有限公司
1802,魅族,格力
1803,正潭股份,null
1804,中化香港,中化集团
1805,null,中金公司
1806,ST雪莱,null
1807,百杰瑞,null
1808,雷诺,null
1809,川信,宏信证
1810,临沂城资新鸥鹏房地产开发有限公司,山东新鸥鹏文旅产业发展集团有限公司
1811,柳州三元,柳州三元天爱乳业有限公司
1812,瑞幸咖啡,null
1813,太阳能,null
1814,null,日月峡大森林旅游集团有限公司
1815,哈药股份,null
1816,瑞幸咖啡,null
1817,苹果,null
1818,null,大摩
1819,绿之彩,null
1820,微软,null
1821,爱奇艺,null
1822,null,索尼
1823,高德地图,null
1824,null,中汾酒业有限责任公司
1825,null,迪米
1826,惠泰医疗,冠脉
1827,宝洁,宝洁
1828,谷歌,null
1829,null,桂林市
1830,金益全,舞钢公司
1831,特斯拉,null
1832,苹果,亚马逊
1833,null,康得新复合材料集团股份有限公司
1834,电建地产,电建集团
1835,久之洋,派鑫科贸
1836,万通地产,null
1837,null,紫金财产保险股份有限公司
1838,可口可乐,null
1839,null,鸿信行
1840,null,小米
1841,中国生物,中国医药集团有限公司
1842,国美电器,null
1843,瑞幸咖啡,null
1844,瑞幸咖啡,null
1845,国美,国美电器
1846,华强方特,null
1847,西发置业,西发物业
1848,null,苏大叔
1849,铜仁市城市开发投资集团有限公司,null
1850,海默科技,null
1851,安科生物,null
1852,ST德豪,*ST索菱
1853,瑞康医药,null
1854,null,华为公司
1855,爱奇艺,null
1856,null,湖南广播影视集团有限公司
1857,蚂蚁金服,蚂蚁金服集团
1858,世纪金花,世纪金花
1859,null,裕隆集团
1860,富临集团控股,null
1861,瑞幸咖啡,null
1862,海默科技,京东方
1863,中兴通讯,中兴新
1864,蔚来,null
1865,银隆新能源,天眼查
1866,京东,途牛股份
1867,null,泰森食品公司
1868,湖南海利,null
1869,京东,null
1870,null,软银
1871,城城不动产管理有限公司,null
1872,中国中石控股,null
1873,银隆新能源,null
1874,阿里,null
1875,冠亚商业,null
1876,力帆汽车,null
1877,华为,爱立信
1878,华阳经贸,汇丰银行
1879,阿里,阿里巴巴
1880,华为,null
1881,哈投股份,null
1882,null,新乡县盐业公司
1883,上海富控互动娱乐股份有限公司,ST富控
1884,宜宾城市和交通投资集团,宜宾市城市和交通投资集团有限公司
1885,黄爱平,null
1886,步步高,步步高
1887,北京健康宝,null
1888,旅悦集团,携程
1889,null,特斯拉
1890,软银,null
1891,null,海马
1892,北京一中院,广东梦彤
1893,中国移动,中国移动
1894,新亿股份,null
1895,獐子岛,null
1896,尔康制药,null
1897,爱奇艺,古永锵
1898,万盛股份,null
1899,苹果,null
1900,欧宝,东风
1901,环国运,null
1902,null,青岛沙微教育咨询有限公司
1903,南城香,null
1904,郎酒,宝光集团
1905,美邦服饰,null
1906,阿斯顿,null
1907,null,众安在线
1908,合诚股份,null
1909,null,杜洛夫
1910,null,天行教育
1911,null,中广核
1912,爱彼迎,null
1913,天长城投,国本控股
1914,null,江苏赛麟汽车科技有限公司
1915,中南建设,null
1916,哈药股份,哈药集团
1917,绿之彩,null
1918,獐子岛,獐子岛
1919,博克森,null
1920,佳通中国,null
1921,獐子岛,null
1922,瑞达期货,null
1923,聚智未来,null
1924,银隆新能源,null
1925,捷佳伟创,null
1926,递蓝科,null
1927,智飞生物,null
1928,鸿鑫互联,null
1929,索尼,null
1930,null,湖南广播影视集团有限公司
1931,西藏药业,null
1932,天健生物,null
1933,迪士尼,null
1934,开尔新材,null
1935,null,合策科技(北京)有限公司
1936,亿邦,null
1937,国美,国美零售
1938,国美,国美通讯
1939,泛海集团,泛海集团
1940,null,谷歌
1941,华域汽车,null
1942,中亚股份,null
1943,横河模具,null
1944,克莉丝,null
1945,中国恒大,恒大地产
1946,特斯拉,null
1947,博汇纸业,博汇集团
1948,杭叉集团,null
1949,微众信科,蚂蚁金服
1950,獐子岛,獐子岛集团股份有限公司
1951,丰田,null
1952,美邦服饰,null
1953,null,博克森
1954,保德国际发展,null
1955,三星,三星电子
1956,null,湖南广播影视集团有限公司
1957,中兴新,中兴新公司
1958,黎明钢构,null
1959,爱奇艺,百度
1960,领航医药生物科技,领航医药生物科技
1961,健康宝,北京健康宝
1962,马自达,null
1963,国美,国美零售
1964,老花,老花眼
1965,亚马逊,特斯拉
1966,兴业投,保利加
1967,华为,海思
1968,特斯拉,null
1969,光大股份,null
1970,獐子岛,null
1971,通用,null
1972,康得新,null
1973,null,健康元股份
1974,力帆汽车,null
1975,天成自控,null
1976,万盛股份,万盛股份
1977,瑞幸,瑞幸咖啡
1978,耐克,null
1979,null,国美零售
1980,国美,国美电器
1981,金运激光,null
1982,虎牙,null
1983,特斯拉,null
1984,乐视网,null
1985,null,波音
1986,宜人金科,null
1987,阿里巴巴,阿里巴巴
1988,双龙汽,比亚迪汽车
1989,哈药股份,哈药集团
1990,哈药,null
1991,null,迪米
1992,null,飞涛公司
1993,维维股份,null
1994,特斯拉,null
1995,空特斯拉,null
1996,金凰,人保财险
1997,通用汽车,波尔曼
1998,null,虎牙
1999,瑞幸咖啡,null
2000,软银,阿里
2001,东方网力,null
2002,吴联模,鸿凯国际
2003,迪米,null
2004,元枫管道,null
2005,獐子岛,null
2006,特斯拉,摩根士丹利
2007,力帆股份,null
2008,香江控股,null
2009,null,黄蜂食品
2010,科迪速,科迪集团
2011,宝岭铁矿公司,山东能源临矿集团
2012,null,东风
2013,至纯科技,null
2014,null,米有品
2015,中国支付,开联通支付服务有限公司
2016,特斯,戴姆勒
2017,菊乐食品,新乳业
2018,比亚迪,丰田
2019,瑞幸咖啡,那斯达克
2020,瑞幸咖啡,null
2021,众合科技,null
2022,美国航空,华复航
2023,null,莆田之星奔驰
2024,光驰教育,null
2025,宁东富,null
2026,中铁四局四公司,null
2027,null,瑞幸咖啡
2028,大唐地产,null
2029,兰州民百,null
2030,国美,null
2031,力帆股份,重庆嘉利建桥灯具有限公司
2032,红宇新材,华民股份
2033,null,獐子岛
2034,null,中南电商
2035,小米,null
2036,微软,谷歌
2037,可口可乐,null
2038,信托,中融信托
2039,鼎胜新材,null
2040,众泰,未能
2041,特斯拉,null
2042,null,刷脸智付公司
2043,邦讯技术,戴芙蓉
2044,戴姆勒,宝马公司
2045,斗鱼,虎牙
2046,国美,null
2047,null,獐子岛
2048,ST东和,null
2049,英特尔,null
2050,国美,拼多多
2051,null,川信
2052,阿里巴巴,软银集团
2053,协成科技,null
2054,中兴,null
2055,null,华为
2056,null,ST步森
2057,字节跳动,null
2058,ST雪莱,null
2059,獐子岛,null
2060,汇丰,null
2061,华建集团,现代设计集团
2062,赛轮轮胎,null
2063,null,一顿
2064,赛柏蓝,null
2065,尚德机构,null
2066,戴姆勒,宝马集团
2067,null,开曼比特
2068,三菱汽车,广汽三菱
2069,可口可乐,好时
2070,忆江山,null
2071,银亿,null
2072,安徽国控集团,皖能集团
2073,null,众安保险
2074,菜鸟,菜鸟网络
2075,百信国际,null
2076,西王大厦,青岛西王物业管理有限公司
2077,黄河实业,null
2078,null,古尔曼
2079,京投发展,null
2080,虎牙,null
2081,众泰汽车,null
2082,坛金矿业,null
2083,川煤集团,null
2084,拜腾汽车,null
2085,金晶科技,null
2086,null,摩根大通
2087,江特电,null
2088,null,兴隆贸易公司
2089,怡亚通,艾伯资讯
2090,海默科技,null
2091,戈皮纳,null
2092,中保研,null
2093,金力永磁,null
2094,恺英网络,骐飞
2095,支付宝,null
2096,号百控股,null
2097,乐视,null
2098,英斯利,null
2099,陕六建,陕西成旭建设工程有限公司
